<?xml version="1.0" encoding="UTF-8"?>
<project-private xmlns="http://www.netbeans.org/ns/project-private/1">
    <editor-bookmarks xmlns="http://www.netbeans.org/ns/editor-bookmarks/2" lastBookmarkId="0"/>
    <open-files xmlns="http://www.netbeans.org/ns/projectui-open-files/2">
        <group>
            <file>file:/C:/Users/Nataly/Desktop/algebra/Prova%20certa/2006-master/Fakebook_versaoFinal/src/parteGrafica/TelaDePerfil.java</file>
            <file>file:/C:/Users/Nataly/Desktop/algebra/Prova%20certa/2006-master/Fakebook_versaoFinal/src/JDialogs/DialogUsuarios.java</file>
            <file>file:/C:/Users/Nataly/Desktop/algebra/Prova%20certa/2006-master/Fakebook_versaoFinal/src/JDialogs/DialogSolicitacoesUsuario.java</file>
            <file>file:/C:/Users/Nataly/Desktop/algebra/Prova%20certa/2006-master/Fakebook_versaoFinal/src/parteGrafica/PostGrupo.java</file>
            <file>file:/C:/Users/Nataly/Desktop/algebra/Prova%20certa/2006-master/Fakebook_versaoFinal/src/parteGrafica/ComentarioPost.java</file>
            <file>file:/C:/Users/Nataly/Desktop/algebra/Prova%20certa/2006-master/Fakebook_versaoFinal/src/parteGrafica/Post.java</file>
            <file>file:/C:/Users/Nataly/Desktop/algebra/Prova%20certa/2006-master/Fakebook_versaoFinal/src/JDialogs/DialogPost.java</file>
            <file>file:/C:/Users/Nataly/Desktop/algebra/Prova%20certa/2006-master/Fakebook_versaoFinal/src/social/Usuario.java</file>
        </group>
    </open-files>
</project-private>
